1908.095000,1874.428000
1835.927000,1803.782000

1047.415000,1564.913000
1071.713000,1613.691000

2325.357000,2003.233000
2325.357000,2003.233000

1120.657000,416.718000
1120.657000,416.718000

1008.933000,2228.066000
963.682000,2282.590500

829.089000,427.177000
829.089000,427.177000

442.667000,929.074000
526.631000,930.704000

2577.147000,1862.248000
2577.147000,1862.248000

64.290000,2721.381000
145.879000,2732.177000

620.065000,2206.096000
729.796000,2185.203000

1592.317000,848.191000
1592.317000,848.191000

2057.077000,993.942000
2057.077000,993.942000

3021.075000,48.817000
3021.075000,48.817000

2312.656000,2226.817000
2314.415000,2233.919500

2312.656000,2226.817000
2262.277500,2311.840500

135.948000,1665.636000
135.948000,1665.636000

135.948000,1665.636000
13.959000,1657.439000

1251.441000,2307.900000
1195.238000,2378.904000

1399.583000,411.571000
1412.740000,473.844000

1551.692000,2620.902000
1542.884000,2720.546000

727.301000,648.501000
727.301000,648.501000

936.684000,1774.964000
990.071000,1823.597000

2338.522000,2094.355000
2325.357000,2003.233000

1070.391000,2320.714000
963.682000,2282.590500

774.029000,1753.865000
774.029000,1753.865000

1626.767000,932.207000
1592.317000,848.191000

1626.767000,932.207000
1641.826000,1022.436000

2405.602000,521.829000
2363.213500,606.146000

3048.661000,424.243000
3048.661000,424.243000

2202.565000,1662.358000
2286.790000,1634.378000

406.567000,1802.619000
406.567000,1802.619000

1149.427000,2465.786000
1161.095000,2491.060000

1149.427000,2465.786000
1195.238000,2378.904000

2208.631000,548.792000
2174.089000,492.046000

814.738000,2446.208000
814.738000,2446.208000

479.800000,1102.202000
558.990000,1159.519000

972.196000,1404.365000
1022.895000,1338.644000

1835.400000,2065.047000
1839.886500,2066.868000

660.481000,1945.781000
717.251000,1948.525000

220.634000,2143.732000
306.766000,2189.959000

1970.549000,690.270000
2076.133000,663.715000

1472.832000,969.652000
1446.744000,905.913000

2866.265000,1341.737000
2866.265000,1341.737000

2140.026000,1268.346000
2140.026000,1268.346000

171.378000,1006.437000
171.378000,1006.437000

1397.054000,1142.049000
1419.841000,1205.976000

711.778000,423.658000
829.089000,427.177000

1166.774000,2555.243000
1161.095000,2491.060000

852.521000,348.484000
829.089000,427.177000

1165.228000,277.817000
1165.228000,277.817000

2421.966000,2607.555000
2380.454000,2494.257000

626.463000,2994.965000
626.463000,2994.965000

626.463000,2994.965000
585.486000,2882.664000

601.858000,1519.802000
601.858000,1519.802000

2125.571000,1157.394000
2140.026000,1268.346000

2258.752000,8.936000
2258.752000,8.936000

2711.959000,1403.705000
2711.959000,1403.705000

1767.432000,1732.663000
1835.927000,1803.782000

572.515000,1446.706000
601.858000,1519.802000

2239.031000,1815.108000
2239.031000,1815.108000

1327.917000,65.707000
1314.350000,141.796000

1488.667000,2075.652000
1606.784000,2104.094000

1097.228000,514.753000
1120.657000,416.718000

1097.228000,514.753000
1130.103000,601.024000

872.138000,1195.345000
869.890000,1101.449000

2307.035000,1590.768000
2427.536000,1621.655000

2307.035000,1590.768000
2286.790000,1634.378000

420.382000,2642.998000
461.528500,2751.783500

1384.975000,2587.181000
1363.576000,2633.573000

1234.149000,637.335000
1130.103000,601.024000

2635.465000,413.905000
2635.465000,413.905000

2300.463000,613.585000
2363.213500,606.146000

2455.353000,2185.509000
2497.020000,2090.482500

100.791000,1111.823000
30.834000,1206.798000

2155.083000,2050.541000
2155.083000,2050.541000

1135.820000,1016.991000
1196.986000,1048.325000

965.731000,2272.463000
963.682000,2282.590500

4.119000,740.731000
4.119000,740.731000

1167.573000,1168.852000
1196.986000,1048.325000

2494.615000,1692.147000
2427.536000,1621.655000

935.308000,2754.873000
935.308000,2754.873000

67.768000,1923.519000
67.768000,1923.519000

1206.340000,1238.017000
1302.519000,1228.261750

2582.595000,228.280000
2582.595000,228.280000

2575.738000,1403.361000
2492.271000,1442.337000

1835.927000,1803.782000
1835.927000,1803.782000

632.606000,1404.839000
601.858000,1519.802000

1979.983000,1374.795000
1979.983000,1374.795000

2008.238000,640.816000
2076.133000,663.715000

2008.238000,640.816000
2003.300000,538.760000

1388.077000,1964.685000
1450.883000,1952.838000

47.309000,538.182000
89.520000,467.817000

1081.496000,688.185000
1130.103000,601.024000

1588.296000,2178.303000
1606.784000,2104.094000

638.139000,2956.290000
626.463000,2994.965000

638.139000,2956.290000
585.486000,2882.664000

219.625000,2364.933000
154.482000,2299.215000

789.242000,809.797000
831.857000,826.421000

2343.867000,1287.168000
2343.867000,1287.168000

2886.687000,317.017000
2886.687000,317.017000

2803.055000,1065.239000
2803.055000,1065.239000

2803.055000,1065.239000
2760.810000,976.077000

527.902000,924.805000
526.631000,930.704000

1414.091000,1743.110000
1414.091000,1743.110000

1414.091000,1743.110000
1524.523000,1767.111000

1148.697000,658.870000
1130.103000,601.024000

1844.373000,2068.689000
1839.886500,2066.868000

636.653000,816.801000
644.749000,849.852000

571.412000,865.068000
526.631000,930.704000

571.412000,865.068000
644.749000,849.852000

2171.224000,2771.737000
2171.224000,2771.737000

306.766000,2189.959000
306.766000,2189.959000

1161.095000,2491.060000
1161.095000,2491.060000

1161.095000,2491.060000
1195.238000,2378.904000

1356.829000,1520.109000
1356.829000,1520.109000

1985.196000,1161.078000
1862.963000,1159.447000

2526.476000,1330.405000
2492.271000,1442.337000

1500.394000,1646.994000
1524.523000,1767.111000

384.481000,1628.165000
392.282000,1577.422000

1161.039000,2020.808000
1157.004500,2020.953500

1161.039000,2020.808000
1092.730000,2112.169000

1937.316000,373.133000
2011.395000,325.126000

1278.663000,2522.836000
1161.095000,2491.060000

888.208000,389.208000
829.089000,427.177000

1068.324000,1256.379000
1022.895000,1338.644000

1759.954000,2003.957000
1839.886500,2066.868000

1759.954000,2003.957000
1713.601000,1920.675000

1195.238000,2378.904000
1161.095000,2491.060000

1195.238000,2378.904000
1195.238000,2378.904000

546.730000,1733.699000
546.730000,1733.699000

1238.793000,1095.145000
1196.986000,1048.325000

2260.195000,650.472000
2363.213500,606.146000

2468.405000,905.433000
2420.462000,1018.662000

2741.208000,771.876000
2802.506000,768.904000

2741.208000,771.876000
2645.079000,750.477000

720.161000,1543.421000
601.858000,1519.802000

2382.830000,1444.422000
2492.271000,1442.337000

1800.954000,876.499000
1800.954000,876.499000

1200.394000,2947.110000
1200.394000,2947.110000

437.337000,899.987000
526.631000,930.704000

496.524000,333.535000
414.206000,388.721000

2888.390000,1958.233000
2888.390000,1958.233000

498.601000,2796.694000
461.528500,2751.783500

498.601000,2796.694000
585.486000,2882.664000

1268.502000,2684.791000
1363.576000,2633.573000

1617.666000,1724.955000
1524.523000,1767.111000

1412.740000,473.844000
1412.740000,473.844000

2657.381000,643.701000
2645.079000,750.477000

1708.971000,1603.307000
1708.971000,1603.307000

1071.713000,1613.691000
1071.713000,1613.691000

1009.105000,2303.267000
963.682000,2282.590500

2128.960000,731.680000
2076.133000,663.715000

1582.194000,2219.165000
1606.784000,2104.094000

69.793000,945.362000
171.378000,1006.437000

1114.171000,1074.275000
1196.986000,1048.325000

2851.330000,2635.243000
2851.330000,2635.243000

454.118000,2748.219000
461.528500,2751.783500

158.735000,2255.701000
154.482000,2299.215000

1192.858000,1437.955000
1192.858000,1437.955000

1308.173000,420.431000
1412.740000,473.844000

2185.511000,593.013000
2174.089000,492.046000

2823.274000,1304.490000
2866.265000,1341.737000

180.634000,1636.912000
135.948000,1665.636000

1595.062000,2063.046000
1606.784000,2104.094000

1520.531000,232.995000
1485.247000,274.687000

2041.028000,2004.860000
2155.083000,2050.541000

1055.634000,243.960000
1165.228000,277.817000

30.834000,1206.798000
30.834000,1206.798000

2347.538000,1939.685000
2325.357000,2003.233000

950.025000,3030.538000
950.025000,3030.538000

1092.730000,2112.169000
1157.004500,2020.953500

1092.730000,2112.169000
1092.730000,2112.169000

751.157000,799.252000
831.857000,826.421000

751.157000,799.252000
644.749000,849.852000

2496.555000,124.810000
2496.555000,124.810000

2836.521000,409.232000
2886.687000,317.017000

2228.638000,2032.413000
2325.357000,2003.233000

2228.638000,2032.413000
2155.083000,2050.541000

242.728000,1482.484000
243.475000,1480.578000

1948.934000,2189.224000
2028.671000,2261.361000

1561.768000,385.541000
1567.468000,494.479000

1599.769000,2424.105000
1587.630500,2448.077500

1130.103000,601.024000
1130.103000,601.024000

517.886000,1459.887000
601.858000,1519.802000

2522.186000,3017.666000
2522.186000,3017.666000

749.769000,2442.058000
814.738000,2446.208000

1028.944000,1583.360000
1071.713000,1613.691000

1511.759000,977.030000
1446.744000,905.913000

2695.512000,1128.110000
2803.055000,1065.239000

2076.133000,663.715000
2076.133000,663.715000

2581.790000,808.978000
2645.079000,750.477000

933.003000,1274.109000
1022.895000,1338.644000

1776.295000,2728.442000
1776.295000,2728.442000

1384.700000,439.312000
1412.740000,473.844000

1140.205000,2769.850000
1140.205000,2769.850000

244.017000,676.679000
244.017000,676.679000

1022.895000,1338.644000
1022.895000,1338.644000

1713.601000,1920.675000
1713.601000,1920.675000

247.470000,2945.336000
252.258000,2868.309000

1448.850000,1996.680000
1450.883000,1952.838000

1769.401000,699.066000
1769.401000,699.066000

1862.963000,1159.447000
1862.963000,1159.447000

2195.377000,260.283000
2195.377000,260.283000

2450.318000,2058.208000
2497.020000,2090.482500

271.282000,684.514000
244.017000,676.679000

1157.596000,1665.436000
1071.713000,1613.691000

2199.238000,422.695000
2174.089000,492.046000

1094.747000,3050.725000
1094.747000,3050.725000

819.083000,891.768000
831.857000,826.421000

1239.269000,1456.432000
1192.858000,1437.955000

2633.848000,3053.561000
2522.186000,3017.666000

312.461000,2281.426000
306.766000,2189.959000

455.686000,1831.930000
406.567000,1802.619000

1434.722000,233.657000
1485.247000,274.687000

1876.957000,1278.031000
1862.963000,1159.447000

2937.948000,1512.407000
2937.948000,1512.407000

1480.979000,1388.311000
1480.979000,1388.311000

246.972000,2097.740000
306.766000,2189.959000

1264.138000,2390.921000
1195.238000,2378.904000

1298.210000,748.084000
1298.210000,748.084000

824.030000,2618.631000
824.030000,2618.631000

75.135000,404.833000
89.520000,467.817000

89.520000,467.817000
89.520000,467.817000

1799.894000,1589.378000
1708.971000,1603.307000

682.489000,3086.352000
626.463000,2994.965000

819.908000,2231.762000
729.796000,2185.203000

1019.623000,1359.629000
1022.895000,1338.644000

2404.194000,1035.252000
2420.462000,1018.662000

2389.383000,1192.501000
2343.867000,1287.168000

1997.765000,899.803000
2057.077000,993.942000

897.165000,1189.269000
869.890000,1101.449000

2028.671000,2261.361000
2028.671000,2261.361000

1244.593000,819.421000
1298.210000,748.084000

832.030000,2762.492000
935.308000,2754.873000

120.990000,210.920000
197.671000,171.941000

890.035000,1169.894000
869.890000,1101.449000

2784.593000,2746.815000
2784.593000,2746.815000

574.374000,2548.165000
552.618500,2554.617000

574.374000,2548.165000
592.022000,2627.047000

154.482000,2299.215000
154.482000,2299.215000

717.197000,739.181000
727.301000,648.501000

1545.077000,69.885000
1461.495000,96.877000

2420.462000,1018.662000
2420.462000,1018.662000

2762.657000,2015.592000
2762.657000,2015.592000

626.395000,1606.600000
601.858000,1519.802000

1236.147000,1835.465000
1236.147000,1835.465000

1019.822000,970.716000
904.397000,985.587500

1096.516000,2418.895000
1161.095000,2491.060000

1096.516000,2418.895000
1195.238000,2378.904000

814.751000,484.789000
829.089000,427.177000

199.889000,471.878000
89.520000,467.817000

2427.536000,1621.655000
2427.536000,1621.655000

148.756000,2860.871000
252.258000,2868.309000

49.375000,2076.648000
49.375000,2076.648000

908.892000,1621.107000
908.892000,1621.107000

2655.054000,121.067000
2655.054000,121.067000

2578.130000,372.707000
2635.465000,413.905000

2414.432000,1133.393000
2420.462000,1018.662000

581.602000,1127.452000
558.990000,1159.519000

1806.233000,1856.512000
1835.927000,1803.782000

1806.233000,1856.512000
1713.601000,1920.675000

1434.817000,455.513000
1412.740000,473.844000

1420.414000,2406.628000
1420.414000,2406.628000

597.173000,338.424000
658.662000,293.797000

903.631000,1043.773000
904.397000,985.587500

903.631000,1043.773000
869.890000,1101.449000

2356.687000,2161.051000
2314.415000,2233.919500

550.481000,2559.966000
552.618500,2554.617000

550.481000,2559.966000
592.022000,2627.047000

658.610000,1985.393000
717.251000,1948.525000

1336.610000,1211.458000
1302.519000,1228.261750

1336.610000,1211.458000
1419.841000,1205.976000

2114.892000,662.905000
2076.133000,663.715000

2719.907000,949.210000
2760.810000,976.077000

2163.980000,1472.171000
2213.389000,1372.056000

386.782000,1361.202000
386.782000,1361.202000

1497.194000,1711.661000
1414.091000,1743.110000

1497.194000,1711.661000
1524.523000,1767.111000

1480.988000,45.114000
1461.495000,96.877000

1408.201000,2443.315000
1420.414000,2406.628000

197.671000,171.941000
197.671000,171.941000

555.884000,944.203000
526.631000,930.704000

2442.035000,2185.014000
2497.020000,2090.482500

276.709000,2570.411000
314.545000,2554.803000

838.838000,1944.512000
717.251000,1948.525000

1410.613000,1350.693000
1480.979000,1388.311000

2071.580000,260.617000
2195.377000,260.283000

2071.580000,260.617000
2011.395000,325.126000

2985.533000,924.027000
2982.913500,927.486500

2425.144000,1682.135000
2427.536000,1621.655000

360.681000,1345.319000
386.782000,1361.202000

1653.867000,1847.022000
1713.601000,1920.675000

1571.364000,252.992000
1485.247000,274.687000

1378.767000,2392.675000
1420.414000,2406.628000

481.111000,194.963000
386.567000,117.975000

525.360000,936.603000
526.631000,930.704000

2540.103000,2438.199000
2461.137000,2400.196000

592.022000,2627.047000
552.618500,2554.617000

592.022000,2627.047000
592.022000,2627.047000

1059.069000,1881.719000
990.071000,1823.597000

1298.705000,1226.774000
1302.519000,1228.261750

1298.705000,1226.774000
1419.841000,1205.976000

2218.902000,604.138000
2174.089000,492.046000

3095.889000,731.114000
2995.106000,672.871000

2377.239000,1248.831000
2343.867000,1287.168000

152.125000,1248.359000
257.449000,1255.935000

1675.408000,1918.694000
1713.601000,1920.675000

1395.334000,322.070000
1485.247000,274.687000

1680.182000,2455.647000
1587.630500,2448.077500

1680.182000,2455.647000
1741.488000,2510.320000

658.662000,293.797000
658.662000,293.797000

678.092000,855.088000
644.749000,849.852000

2512.736000,2370.776000
2461.137000,2400.196000

188.047000,2906.453000
252.258000,2868.309000

830.950000,2138.649000
729.796000,2185.203000

1419.841000,1205.976000
1302.519000,1228.261750

1419.841000,1205.976000
1419.841000,1205.976000

2072.527000,511.223000
2003.300000,538.760000

2072.527000,511.223000
2174.089000,492.046000

2961.697000,881.498000
2982.913500,927.486500

2088.905000,1260.907000
2140.026000,1268.346000

393.450000,1694.698000
406.567000,1802.619000

393.450000,1694.698000
392.282000,1577.422000

1691.334000,2088.973000
1606.784000,2104.094000

1307.835000,451.971000
1412.740000,473.844000

1484.685000,2356.107000
1420.414000,2406.628000

302.837000,448.337000
269.470000,331.389000

804.404000,1222.824000
748.887000,1131.280000

2205.691000,2405.200000
2262.277500,2311.840500

625.213000,2827.077000
585.486000,2882.664000

893.593000,2013.249000
956.755000,2083.711000

1653.978000,1276.404000
1638.197000,1160.884000

2150.815000,439.720000
2174.089000,492.046000

2863.858000,857.448000
2802.506000,768.904000

2215.480000,1637.014000
2286.790000,1634.378000

97.742000,1400.031000
136.011000,1395.718000

1853.853000,1865.371000
1835.927000,1803.782000

1461.495000,96.877000
1461.495000,96.877000

1366.076000,2484.420000
1420.414000,2406.628000

328.023000,178.735000
386.567000,117.975000

748.887000,1131.280000
748.887000,1131.280000

748.887000,1131.280000
869.890000,1101.449000

2290.429000,2312.418000
2314.415000,2233.919500

2290.429000,2312.418000
2262.277500,2311.840500

399.200000,2771.941000
461.528500,2751.783500

1085.557000,1930.201000
1157.004500,2020.953500

1724.425000,1108.393000
1641.826000,1022.436000

1724.425000,1108.393000
1638.197000,1160.884000

1941.315000,581.403000
2003.300000,538.760000

2964.688000,588.624000
2995.106000,672.871000

2499.762000,1490.600000
2492.271000,1442.337000

462.813000,1445.588000
386.782000,1361.202000

1771.838000,1737.036000
1835.927000,1803.782000

1456.288000,456.034000
1412.740000,473.844000

1456.288000,456.034000
1567.468000,494.479000

1608.661000,2640.490000
1542.884000,2720.546000

305.927000,205.855000
197.671000,171.941000

305.927000,205.855000
386.567000,117.975000

658.106000,786.517000
644.749000,849.852000

2139.882000,2103.470000
2155.083000,2050.541000

650.548000,2903.694000
626.463000,2994.965000

650.548000,2903.694000
585.486000,2882.664000

938.587000,1813.786000
990.071000,1823.597000

1456.637000,1138.119000
1419.841000,1205.976000

2213.542000,234.285000
2195.377000,260.283000

2760.810000,976.077000
2803.055000,1065.239000

2760.810000,976.077000
2760.810000,976.077000

2378.196000,1642.921000
2427.536000,1621.655000

2378.196000,1642.921000
2286.790000,1634.378000

482.780000,1552.066000
601.858000,1519.802000

482.780000,1552.066000
392.282000,1577.422000

1875.718000,1919.561000
1835.927000,1803.782000

1681.472000,349.877000
1694.554000,286.889000

1712.862000,2405.629000
1741.488000,2510.320000

617.453000,1.911000
637.219000,104.967000

963.051000,1121.666000
869.890000,1101.449000

2454.959000,2191.285000
2497.020000,2090.482500

600.685000,2568.050000
552.618500,2554.617000

600.685000,2568.050000
592.022000,2627.047000

884.712000,2202.640000
963.682000,2282.590500

1477.332000,807.127000
1592.317000,848.191000

1477.332000,807.127000
1446.744000,905.913000

2110.096000,382.761000
2011.395000,325.126000

2666.545000,851.217000
2645.079000,750.477000

2268.675000,1202.903000
2343.867000,1287.168000

13.959000,1657.439000
135.948000,1665.636000

13.959000,1657.439000
13.959000,1657.439000

1858.239000,1720.619000
1835.927000,1803.782000

1567.468000,494.479000
1567.468000,494.479000

1700.064000,2763.462000
1776.295000,2728.442000

443.268000,158.097000
386.567000,117.975000

935.177000,845.358000
831.857000,826.421000

2555.942000,2237.728000
2636.765000,2315.331000

495.138000,2505.587000
552.618500,2554.617000

1152.970000,2021.099000
1157.004500,2020.953500

1152.970000,2021.099000
1092.730000,2112.169000

1414.209000,814.218000
1446.744000,905.913000

2099.152000,241.628000
2195.377000,260.283000

2099.152000,241.628000
2011.395000,325.126000

2851.960000,511.816000
2770.774000,588.504000

2377.268000,1523.504000
2427.536000,1621.655000

139.320000,1701.155000
135.948000,1665.636000

1519.717000,1976.608000
1450.883000,1952.838000

1485.247000,274.687000
1485.247000,274.687000

1406.700000,2743.276000
1363.576000,2633.573000

1406.700000,2743.276000
1460.659000,2803.416000

520.805000,149.877000
637.219000,104.967000

767.705000,770.551000
831.857000,826.421000

2491.408000,2085.001000
2497.020000,2090.482500

145.879000,2732.177000
145.879000,2732.177000

984.535000,1977.410000
956.755000,2083.711000

1310.610000,1235.625000
1302.519000,1228.261750

1310.610000,1235.625000
1419.841000,1205.976000

2374.779000,536.159000
2363.213500,606.146000

2802.506000,768.904000
2802.506000,768.904000

2492.271000,1442.337000
2492.271000,1442.337000

136.011000,1395.718000
136.011000,1395.718000

1416.598000,2025.122000
1450.883000,1952.838000

1453.681000,346.110000
1485.247000,274.687000

1591.613000,2407.261000
1587.630500,2448.077500

322.860000,262.822000
269.470000,331.389000

831.857000,826.421000
831.857000,826.421000

2129.407000,2190.298000
2028.671000,2261.361000

554.756000,2549.268000
552.618500,2554.617000

554.756000,2549.268000
592.022000,2627.047000

1118.944000,1975.538000
1157.004500,2020.953500

1209.353000,1089.150000
1196.986000,1048.325000

2003.300000,538.760000
2003.300000,538.760000

2966.180000,579.073000
2995.106000,672.871000

2090.431000,1254.860000
2140.026000,1268.346000

392.282000,1577.422000
392.282000,1577.422000

1531.302000,1909.787000
1450.883000,1952.838000

1544.489000,420.373000
1567.468000,494.479000

1362.363000,2803.299000
1460.659000,2803.416000

414.206000,388.721000
414.206000,388.721000

902.328000,987.336000
904.397000,985.587500

902.328000,987.336000
869.890000,1101.449000

2288.019000,2159.290000
2314.415000,2233.919500

314.545000,2554.803000
314.545000,2554.803000

1156.587000,2044.203000
1157.004500,2020.953500

1156.587000,2044.203000
1092.730000,2112.169000

1454.613000,822.906000
1446.744000,905.913000

2004.817000,602.388000
2076.133000,663.715000

2004.817000,602.388000
2003.300000,538.760000

2659.359000,695.276000
2645.079000,750.477000

2384.691000,1556.172000
2427.536000,1621.655000

2.333000,1570.696000
13.959000,1657.439000

1575.543000,2043.843000
1606.784000,2104.094000

1314.350000,141.796000
1314.350000,141.796000

1336.695000,2732.425000
1363.576000,2633.573000

682.805000,369.208000
658.662000,293.797000

470.460000,1033.444000
526.631000,930.704000

2186.266000,2166.706000
2155.083000,2050.541000

508.603000,2660.294000
461.528500,2751.783500

508.603000,2660.294000
552.618500,2554.617000

508.603000,2660.294000
592.022000,2627.047000

717.251000,1948.525000
717.251000,1948.525000

1369.198000,931.927000
1446.744000,905.913000

2171.158000,212.389000
2195.377000,260.283000

2877.771000,677.615000
2802.506000,768.904000

2877.771000,677.615000
2995.106000,672.871000

2465.973000,1616.858000
2427.536000,1621.655000

193.538000,1499.846000
243.475000,1480.578000

193.538000,1499.846000
136.011000,1395.718000

1801.356000,1854.068000
1835.927000,1803.782000

1801.356000,1854.068000
1713.601000,1920.675000

1445.199000,541.833000
1412.740000,473.844000

1473.958000,2871.202000
1460.659000,2803.416000

189.795000,216.550000
197.671000,171.941000

848.176000,745.279000
831.857000,826.421000

2550.131000,2089.384000
2497.020000,2090.482500

414.602000,3023.692000
414.602000,3023.692000

820.247000,1898.747000
717.251000,1948.525000

1291.282000,1079.025000
1196.986000,1048.325000

2417.173000,419.492000
2357.961000,356.301000

2723.770000,715.618000
2802.506000,768.904000

2723.770000,715.618000
2645.079000,750.477000

2330.099000,1549.400000
2427.536000,1621.655000

2330.099000,1549.400000
2286.790000,1634.378000

323.447000,1760.758000
406.567000,1802.619000

1652.749000,2134.973000
1606.784000,2104.094000

1595.456000,248.970000
1485.247000,274.687000

1595.456000,248.970000
1677.140000,178.909000

1595.456000,248.970000
1694.554000,286.889000

1363.576000,2633.573000
1363.576000,2633.573000

437.976000,333.245000
414.206000,388.721000

558.990000,1159.519000
558.990000,1159.519000

2636.347000,2239.814000
2636.765000,2315.331000

180.098000,2914.399000
252.258000,2868.309000

780.560000,1962.784000
717.251000,1948.525000

1591.462000,1003.072000
1641.826000,1022.436000

2184.477000,584.040000
2174.089000,492.046000

3007.231000,936.833000
2982.913500,927.486500

1967.584000,1512.609000
2078.307000,1569.123000

241.253000,1383.857000
243.475000,1480.578000

241.253000,1383.857000
136.011000,1395.718000

1593.605000,1638.269000
1708.971000,1603.307000

1272.301000,160.027000
1314.350000,141.796000

1521.899000,2550.391000
1587.630500,2448.077500

237.229000,394.373000
269.470000,331.389000

911.782000,861.168000
831.857000,826.421000

911.782000,861.168000
904.397000,985.587500

2397.853000,2457.753000
2380.454000,2494.257000

2397.853000,2457.753000
2461.137000,2400.196000

520.469000,2485.300000
552.618500,2554.617000

956.755000,2083.711000
956.755000,2083.711000

1579.438000,898.831000
1592.317000,848.191000

2424.573000,594.918000
2363.213500,606.146000

2645.079000,750.477000
2645.079000,750.477000

2328.094000,1700.882000
2286.790000,1634.378000

84.383000,1312.780000
30.834000,1206.798000

84.383000,1312.780000
136.011000,1395.718000

1681.078000,1872.598000
1713.601000,1920.675000

1353.967000,63.720000
1461.495000,96.877000

1353.967000,63.720000
1314.350000,141.796000

1460.659000,2803.416000
1460.659000,2803.416000

1460.659000,2803.416000
1542.884000,2720.546000

269.470000,331.389000
269.470000,331.389000

508.403000,865.793000
526.631000,930.704000

2358.169000,2496.074000
2380.454000,2494.257000

519.311000,2936.240000
626.463000,2994.965000

519.311000,2936.240000
585.486000,2882.664000

974.062000,2113.911000
1092.730000,2112.169000

974.062000,2113.911000
956.755000,2083.711000

1564.174000,1010.621000
1641.826000,1022.436000

1949.678000,555.257000
2003.300000,538.760000

3031.265000,745.537000
2995.106000,672.871000

2138.354000,1561.445000
2078.307000,1569.123000

372.194000,1736.878000
406.567000,1802.619000

1905.473000,1829.325000
1835.927000,1803.782000

1531.626000,17.831000
1461.495000,96.877000

1461.781000,2825.684000
1460.659000,2803.416000

366.584000,286.645000
414.206000,388.721000

366.584000,286.645000
269.470000,331.389000

793.937000,763.632000
831.857000,826.421000

2407.485000,1960.047000
2325.357000,2003.233000

423.157000,2551.536000
314.545000,2554.803000

757.597000,1843.410000
774.029000,1753.865000

757.597000,1843.410000
717.251000,1948.525000

1414.501000,1233.599000
1302.519000,1228.261750

1414.501000,1233.599000
1419.841000,1205.976000

2073.289000,697.118000
2076.133000,663.715000

2759.968000,905.622000
2760.810000,976.077000

2321.390000,1259.899000
2343.867000,1287.168000

368.778000,1313.138000
386.782000,1361.202000

1838.658000,1758.928000
1835.927000,1803.782000

1564.074000,446.762000
1567.468000,494.479000

1340.179000,2568.258000
1363.576000,2633.573000

589.120000,9.541000
637.219000,104.967000

917.737000,801.629000
831.857000,826.421000

2594.520000,2367.225000
2636.765000,2315.331000

167.494000,2772.079000
145.879000,2732.177000

950.600000,2105.916000
956.755000,2083.711000

1573.274000,1166.515000
1638.197000,1160.884000

2253.414000,510.922000
2174.089000,492.046000

2737.821000,799.817000
2802.506000,768.904000

2737.821000,799.817000
2645.079000,750.477000

2332.047000,1639.403000
2427.536000,1621.655000

2332.047000,1639.403000
2286.790000,1634.378000

440.331000,1677.048000
546.730000,1733.699000

440.331000,1677.048000
392.282000,1577.422000

1680.574000,2129.994000
1606.784000,2104.094000

1519.673000,429.152000
1412.740000,473.844000

1519.673000,429.152000
1567.468000,494.479000

1455.628000,2697.704000
1363.576000,2633.573000

1455.628000,2697.704000
1460.659000,2803.416000

1455.628000,2697.704000
1542.884000,2720.546000

593.814000,241.531000
658.662000,293.797000

544.979000,1066.939000
558.990000,1159.519000

2262.186000,2412.608000
2262.277500,2311.840500

252.258000,2868.309000
252.258000,2868.309000

922.449000,1988.407000
956.755000,2083.711000

1736.071000,1061.718000
1641.826000,1022.436000

2356.869000,304.910000
2357.961000,356.301000

2748.410000,681.350000
2802.506000,768.904000

2748.410000,681.350000
2645.079000,750.477000

2748.410000,681.350000
2770.774000,588.504000

2210.940000,1327.409000
2140.026000,1268.346000

2210.940000,1327.409000
2213.389000,1372.056000

362.444000,1647.357000
392.282000,1577.422000

1401.505000,1979.765000
1450.883000,1952.838000

1326.368000,435.140000
1412.740000,473.844000

1545.764000,2796.122000
1460.659000,2803.416000

1545.764000,2796.122000
1542.884000,2720.546000

235.641000,400.782000
269.470000,331.389000

582.438000,980.326000
526.631000,930.704000

2421.218000,2326.858000
2461.137000,2400.196000

266.957000,2738.581000
145.879000,2732.177000

832.355000,2199.700000
729.796000,2185.203000

1299.465000,1231.553000
1302.519000,1228.261750

1299.465000,1231.553000
1419.841000,1205.976000

2102.716000,441.804000
2174.089000,492.046000

2845.028000,759.479000
2802.506000,768.904000

2413.169000,1548.719000
2427.536000,1621.655000

459.346000,1451.915000
386.782000,1361.202000

1369.059000,1911.470000
1450.883000,1952.838000

1536.186000,511.036000
1567.468000,494.479000

1282.400000,2454.425000
1195.238000,2378.904000

573.570000,70.203000
637.219000,104.967000

931.850000,1148.341000
869.890000,1101.449000

2493.450000,2000.581000
2497.020000,2090.482500

585.486000,2882.664000
626.463000,2994.965000

585.486000,2882.664000
585.486000,2882.664000

807.246000,2265.358000
729.796000,2185.203000

1532.099000,987.479000
1446.744000,905.913000

1532.099000,987.479000
1641.826000,1022.436000

2366.370000,602.189000
2363.213500,606.146000

2812.371000,561.591000
2770.774000,588.504000

2175.946000,1623.250000
2078.307000,1569.123000

2175.946000,1623.250000
2286.790000,1634.378000

400.588000,1617.915000
392.282000,1577.422000

1584.679000,2071.103000
1606.784000,2104.094000

1677.140000,178.909000
1677.140000,178.909000

1677.140000,178.909000
1694.554000,286.889000

1521.754000,2436.034000
1420.414000,2406.628000

1521.754000,2436.034000
1587.630500,2448.077500

530.880000,507.228000
530.880000,507.228000

613.356000,754.467000
644.749000,849.852000

2632.146000,2310.119000
2636.765000,2315.331000

439.320000,2550.101000
552.618500,2554.617000

439.320000,2550.101000
314.545000,2554.803000

1063.218000,2243.077000
963.682000,2282.590500

1446.744000,905.913000
1446.744000,905.913000

1976.941000,271.874000
2011.395000,325.126000

3042.799000,510.010000
3048.661000,424.243000

2177.991000,1290.427000
2140.026000,1268.346000

2177.991000,1290.427000
2213.389000,1372.056000

185.070000,1264.314000
257.449000,1255.935000

1873.148000,2057.700000
1839.886500,2066.868000

1689.377000,349.447000
1694.554000,286.889000

1725.220000,2734.282000
1776.295000,2728.442000

510.924000,489.982000
530.880000,507.228000

456.139000,970.428000
526.631000,930.704000

2097.422000,2229.636000
2028.671000,2261.361000

311.043000,2769.108000
252.258000,2868.309000

818.323000,2110.033000
729.796000,2185.203000

1242.869000,1252.951000
1302.519000,1228.261750

2233.681000,549.584000
2174.089000,492.046000

2905.272000,752.328000
2802.506000,768.904000

2905.272000,752.328000
2995.106000,672.871000

2136.852000,1350.215000
2140.026000,1268.346000

2136.852000,1350.215000
2213.389000,1372.056000

148.753000,1339.949000
136.011000,1395.718000

1606.784000,2104.094000
1606.784000,2104.094000

1789.408000,276.913000
1694.554000,286.889000

1470.021000,2319.519000
1420.414000,2406.628000

677.678000,241.927000
658.662000,293.797000

727.628000,1124.935000
748.887000,1131.280000

2326.538000,2486.130000
2380.454000,2494.257000

415.091000,2708.952000
461.528500,2751.783500

987.655000,2177.640000
963.682000,2282.590500

987.655000,2177.640000
1092.730000,2112.169000

987.655000,2177.640000
956.755000,2083.711000

1554.668000,874.783000
1592.317000,848.191000

1554.668000,874.783000
1446.744000,905.913000

2078.218000,230.839000
2195.377000,260.283000

2078.218000,230.839000
2011.395000,325.126000

2743.925000,665.530000
2802.506000,768.904000

2743.925000,665.530000
2770.774000,588.504000

2476.057000,1480.305000
2492.271000,1442.337000

57.288000,1447.010000
136.011000,1395.718000

1604.691000,1840.627000
1524.523000,1767.111000

1503.213000,145.366000
1461.495000,96.877000

1754.599000,2661.097000
1776.295000,2728.442000

330.536000,366.414000
414.206000,388.721000

330.536000,366.414000
269.470000,331.389000

906.466000,983.839000
904.397000,985.587500

906.466000,983.839000
869.890000,1101.449000

2256.524000,2024.742000
2325.357000,2003.233000

2256.524000,2024.742000
2155.083000,2050.541000

616.393000,2952.948000
626.463000,2994.965000

616.393000,2952.948000
585.486000,2882.664000

918.030000,1778.040000
990.071000,1823.597000

1641.826000,1022.436000
1641.826000,1022.436000

2151.127000,692.453000
2076.133000,663.715000

2708.107000,846.983000
2802.506000,768.904000

2708.107000,846.983000
2645.079000,750.477000

2171.978000,1575.236000
2078.307000,1569.123000

182.924000,1500.934000
243.475000,1480.578000

182.924000,1500.934000
136.011000,1395.718000

1740.709000,1989.384000
1713.601000,1920.675000

1341.836000,404.763000
1412.740000,473.844000

1542.884000,2720.546000
1460.659000,2803.416000

1542.884000,2720.546000
1542.884000,2720.546000

386.567000,117.975000
386.567000,117.975000

869.890000,1101.449000
748.887000,1131.280000

869.890000,1101.449000
904.397000,985.587500

869.890000,1101.449000
869.890000,1101.449000

2380.454000,2494.257000
2380.454000,2494.257000

2380.454000,2494.257000
2461.137000,2400.196000

162.079000,2764.982000
145.879000,2732.177000

855.606000,2125.306000
956.755000,2083.711000

1377.624000,1163.470000
1302.519000,1228.261750

1377.624000,1163.470000
1419.841000,1205.976000

2294.577000,686.099000
2363.213500,606.146000

3004.816000,885.785000
2982.913500,927.486500

2393.771000,1260.666000
2343.867000,1287.168000

42.651000,1275.652000
30.834000,1206.798000

1458.035000,1980.087000
1450.883000,1952.838000

1396.721000,166.355000
1461.495000,96.877000

1396.721000,166.355000
1314.350000,141.796000

1535.509000,2371.300000
1420.414000,2406.628000

1535.509000,2371.300000
1587.630500,2448.077500

690.575000,114.424000
637.219000,104.967000

577.357000,848.599000
526.631000,930.704000

577.357000,848.599000
644.749000,849.852000

2321.147000,2337.278000
2314.415000,2233.919500

2321.147000,2337.278000
2262.277500,2311.840500

224.369000,2919.793000
252.258000,2868.309000

650.880000,1969.573000
717.251000,1948.525000

1191.353000,1006.528000
1196.986000,1048.325000

2131.563000,330.724000
2195.377000,260.283000

2131.563000,330.724000
2011.395000,325.126000

2886.231000,684.434000
2802.506000,768.904000

2886.231000,684.434000
2995.106000,672.871000

2142.963000,1295.576000
2140.026000,1268.346000

2142.963000,1295.576000
2213.389000,1372.056000

62.696000,1581.912000
135.948000,1665.636000

62.696000,1581.912000
13.959000,1657.439000

1717.713000,2039.111000
1713.601000,1920.675000

1763.321000,319.871000
1694.554000,286.889000

1610.099000,2754.084000
1542.884000,2720.546000

682.686000,411.794000
658.662000,293.797000

806.135000,861.281000
831.857000,826.421000

2305.883000,2066.069000
2325.357000,2003.233000

423.655000,2550.861000
314.545000,2554.803000

950.764000,1792.176000
990.071000,1823.597000

1666.494000,971.205000
1641.826000,1022.436000

2069.112000,518.453000
2003.300000,538.760000

2069.112000,518.453000
2174.089000,492.046000

2913.750000,608.326000
2995.106000,672.871000

2058.503000,1678.588000
2078.307000,1569.123000

123.793000,1368.405000
136.011000,1395.718000

1639.733000,2114.754000
1606.784000,2104.094000

1741.181000,376.692000
1694.554000,286.889000

1563.178000,2510.239000
1587.630500,2448.077500

291.075000,252.657000
197.671000,171.941000

291.075000,252.657000
269.470000,331.389000

935.086000,846.516000
831.857000,826.421000

2502.632000,2095.964000
2497.020000,2090.482500

645.411000,2604.434000
552.618500,2554.617000

645.411000,2604.434000
592.022000,2627.047000

693.669000,2223.199000
729.796000,2185.203000

1597.349000,964.707000
1592.317000,848.191000

1597.349000,964.707000
1641.826000,1022.436000

2438.858000,591.195000
2363.213500,606.146000

2995.106000,672.871000
2995.106000,672.871000

2129.031000,1437.586000
2213.389000,1372.056000

60.515000,1424.402000
136.011000,1395.718000

1869.655000,1893.393000
1835.927000,1803.782000

1568.781000,107.678000
1461.495000,96.877000

1306.203000,2737.566000
1363.576000,2633.573000

575.585000,444.258000
530.880000,507.228000

483.788000,938.653000
526.631000,930.704000

2641.384000,2320.543000
2636.765000,2315.331000

642.495000,2805.203000
585.486000,2882.664000

944.588000,1970.698000
956.755000,2083.711000

1312.704000,1038.989000
1196.986000,1048.325000

2071.224000,238.566000
2011.395000,325.126000

2656.449000,671.133000
2645.079000,750.477000

2213.389000,1372.056000
2213.389000,1372.056000

178.722000,1515.511000
243.475000,1480.578000

1500.041000,1808.120000
1414.091000,1743.110000

1500.041000,1808.120000
1524.523000,1767.111000

1344.270000,90.180000
1461.495000,96.877000

1344.270000,90.180000
1314.350000,141.796000

1290.103000,2652.242000
1363.576000,2633.573000

487.659000,77.009000
386.567000,117.975000

511.291000,1149.690000
558.990000,1159.519000

2214.244000,2254.438000
2314.415000,2233.919500

2214.244000,2254.438000
2262.277500,2311.840500

373.812000,2826.016000
461.528500,2751.783500

782.327000,1897.021000
717.251000,1948.525000

1301.168000,1150.631000
1302.519000,1228.261750

2174.089000,492.046000
2174.089000,492.046000

2832.418000,928.195000
2760.810000,976.077000

2113.841000,1573.978000
2078.307000,1569.123000

245.522000,1451.047000
243.475000,1480.578000

245.522000,1451.047000
136.011000,1395.718000

1884.200000,2034.414000
1839.886500,2066.868000

1446.120000,53.072000
1461.495000,96.877000

1516.921000,2390.807000
1420.414000,2406.628000

1516.921000,2390.807000
1587.630500,2448.077500

428.726000,166.528000
386.567000,117.975000

630.977000,1065.454000
558.990000,1159.519000

2538.725000,2281.728000
2636.765000,2315.331000

364.643000,2997.081000
414.602000,3023.692000

1190.074000,2112.997000
1157.004500,2020.953500

1190.074000,2112.997000
1092.730000,2112.169000

1638.197000,1160.884000
1638.197000,1160.884000

1900.515000,493.836000
2003.300000,538.760000

2807.183000,536.407000
2770.774000,588.504000

2212.071000,1294.047000
2140.026000,1268.346000

2212.071000,1294.047000
2213.389000,1372.056000

257.449000,1255.935000
257.449000,1255.935000

1570.715000,1802.574000
1524.523000,1767.111000

1499.244000,207.165000
1461.495000,96.877000

1499.244000,207.165000
1485.247000,274.687000

1386.726000,2759.034000
1460.659000,2803.416000

365.300000,8.724000
386.567000,117.975000

713.750000,934.766000
644.749000,849.852000

2634.146000,2269.154000
2636.765000,2315.331000

278.202000,2763.097000
252.258000,2868.309000

976.935000,1999.846000
956.755000,2083.711000

1474.470000,1107.682000
1419.841000,1205.976000

2050.506000,640.179000
2076.133000,663.715000

2050.506000,640.179000
2003.300000,538.760000

2759.656000,500.271000
2770.774000,588.504000

2009.042000,1521.487000
2078.307000,1569.123000

368.871000,1256.893000
386.782000,1361.202000

368.871000,1256.893000
257.449000,1255.935000

1439.146000,1993.031000
1450.883000,1952.838000

1564.301000,306.286000
1485.247000,274.687000

1356.913000,2598.328000
1363.576000,2633.573000

467.756000,495.096000
414.206000,388.721000

467.756000,495.096000
530.880000,507.228000

553.534000,932.904000
526.631000,930.704000

553.534000,932.904000
644.749000,849.852000

2379.860000,2155.835000
2314.415000,2233.919500

319.017000,3016.254000
414.602000,3023.692000

1096.779000,2082.986000
1157.004500,2020.953500

1096.779000,2082.986000
1092.730000,2112.169000

1555.815000,1332.616000
1480.979000,1388.311000

2312.701000,666.968000
2363.213500,606.146000

2907.629000,855.225000
2982.913500,927.486500

2069.729000,1474.966000
2078.307000,1569.123000

312.367000,1258.492000
257.449000,1255.935000

1857.146000,1684.322000
1835.927000,1803.782000

1496.288000,294.875000
1485.247000,274.687000

1687.117000,2388.639000
1587.630500,2448.077500

221.254000,193.392000
197.671000,171.941000

752.301000,889.801000
831.857000,826.421000

752.301000,889.801000
644.749000,849.852000

2340.934000,2459.611000
2380.454000,2494.257000

675.067000,2641.650000
592.022000,2627.047000

962.865000,2138.844000
956.755000,2083.711000

1510.095000,1162.858000
1419.841000,1205.976000

2360.057000,610.103000
2363.213500,606.146000

2782.754000,668.116000
2802.506000,768.904000

2782.754000,668.116000
2770.774000,588.504000

1978.712000,1524.655000
2078.307000,1569.123000

398.599000,1326.069000
386.782000,1361.202000

1749.624000,1745.339000
1835.927000,1803.782000

1472.688000,298.678000
1485.247000,274.687000

1388.753000,2558.969000
1363.576000,2633.573000

537.802000,107.906000
637.219000,104.967000

722.333000,1103.430000
748.887000,1131.280000

2256.145000,2319.602000
2314.415000,2233.919500

2256.145000,2319.602000
2262.277500,2311.840500

493.073000,2662.858000
461.528500,2751.783500

493.073000,2662.858000
552.618500,2554.617000

493.073000,2662.858000
592.022000,2627.047000

961.633000,2292.718000
963.682000,2282.590500

1301.296000,1219.095000
1302.519000,1228.261750

1301.296000,1219.095000
1419.841000,1205.976000

2150.141000,691.568000
2076.133000,663.715000

2983.348000,794.516000
2995.106000,672.871000

2017.264000,1376.521000
1979.983000,1374.795000

235.641000,1571.925000
243.475000,1480.578000

1517.483000,1859.404000
1524.523000,1767.111000

1517.483000,1859.404000
1450.883000,1952.838000

1325.312000,49.456000
1314.350000,141.796000

1587.564000,2454.651000
1587.630500,2448.077500

195.793000,357.872000
269.470000,331.389000

927.785000,978.383000
904.397000,985.587500

2537.641000,2026.043000
2497.020000,2090.482500

639.919000,2630.444000
552.618500,2554.617000

639.919000,2630.444000
592.022000,2627.047000

1159.893000,1947.524000
1157.004500,2020.953500

1494.727000,1122.576000
1419.841000,1205.976000

1956.560000,441.464000
2003.300000,538.760000

2859.947000,774.808000
2802.506000,768.904000

2309.326000,1668.933000
2286.790000,1634.378000

5.768000,1624.310000
13.959000,1657.439000

1635.343000,1799.336000
1524.523000,1767.111000

1643.810000,470.312000
1567.468000,494.479000

1412.748000,2359.967000
1420.414000,2406.628000

244.596000,190.881000
197.671000,171.941000

588.111000,1257.183000
558.990000,1159.519000

2549.656000,2449.040000
2461.137000,2400.196000

238.209000,2521.295000
314.545000,2554.803000

1125.081000,2143.768000
1092.730000,2112.169000

1302.304000,860.561000
1298.210000,748.084000

2079.745000,599.984000
2076.133000,663.715000

2079.745000,599.984000
2003.300000,538.760000

2946.369000,749.130000
2995.106000,672.871000

2362.410000,1398.369000
2343.867000,1287.168000

244.222000,1478.672000
243.475000,1480.578000

1382.256000,1956.060000
1450.883000,1952.838000

1262.758000,352.408000
1165.228000,277.817000

1642.747000,2684.374000
1542.884000,2720.546000

314.787000,278.574000
269.470000,331.389000

830.476000,973.500000
904.397000,985.587500

2388.502000,2345.732000
2461.137000,2400.196000

601.174000,2562.604000
552.618500,2554.617000

601.174000,2562.604000
592.022000,2627.047000

804.758000,1960.674000
717.251000,1948.525000

1266.016000,1293.259000
1302.519000,1228.261750

1960.897000,475.724000
2003.300000,538.760000

2806.874000,519.958000
2770.774000,588.504000

2197.086000,1302.614000
2140.026000,1268.346000

2197.086000,1302.614000
2213.389000,1372.056000

268.563000,1506.309000
243.475000,1480.578000

1663.962000,2032.247000
1713.601000,1920.675000

1663.962000,2032.247000
1606.784000,2104.094000

1424.112000,403.617000
1412.740000,473.844000

1666.841000,2713.330000
1776.295000,2728.442000

1666.841000,2713.330000
1542.884000,2720.546000

594.230000,475.404000
530.880000,507.228000

846.686000,775.616000
831.857000,826.421000

2186.401000,2402.473000
2262.277500,2311.840500

475.863000,2489.427000
552.618500,2554.617000

858.987000,2011.690000
956.755000,2083.711000

1329.034000,1191.894000
1302.519000,1228.261750

1329.034000,1191.894000
1419.841000,1205.976000

2264.946000,495.266000
2174.089000,492.046000

2848.309000,984.899000
2803.055000,1065.239000

2848.309000,984.899000
2760.810000,976.077000

2301.573000,1414.411000
2213.389000,1372.056000

205.345000,1245.806000
257.449000,1255.935000

1399.896000,1812.204000
1414.091000,1743.110000

1694.554000,286.889000
1677.140000,178.909000

1694.554000,286.889000
1694.554000,286.889000

1741.488000,2510.320000
1741.488000,2510.320000

248.257000,413.102000
269.470000,331.389000

729.543000,856.636000
831.857000,826.421000

729.543000,856.636000
644.749000,849.852000

2268.410000,2304.079000
2314.415000,2233.919500

2268.410000,2304.079000
2262.277500,2311.840500

499.891000,2902.093000
585.486000,2882.664000

1035.534000,1876.822000
990.071000,1823.597000

1215.416000,1212.214000
1302.519000,1228.261750

2285.627000,251.610000
2195.377000,260.283000

2671.122000,679.620000
2645.079000,750.477000

2219.023000,1546.272000
2286.790000,1634.378000

190.807000,1576.929000
135.948000,1665.636000

190.807000,1576.929000
243.475000,1480.578000

1751.853000,2000.354000
1839.886500,2066.868000

1751.853000,2000.354000
1713.601000,1920.675000

1234.551000,160.758000
1314.350000,141.796000

1548.436000,2631.365000
1542.884000,2720.546000

637.219000,104.967000
637.219000,104.967000

546.836000,1002.105000
526.631000,930.704000

2294.319000,1965.340000
2325.357000,2003.233000

479.574000,2528.120000
552.618500,2554.617000

660.960000,2158.798000
729.796000,2185.203000

1521.969000,930.855000
1592.317000,848.191000

1521.969000,930.855000
1446.744000,905.913000

2411.046000,614.486000
2363.213500,606.146000

2941.313000,922.633000
2982.913500,927.486500

2112.188000,1369.104000
2140.026000,1268.346000

2112.188000,1369.104000
2213.389000,1372.056000

178.050000,1747.720000
135.948000,1665.636000

1523.364000,1893.673000
1450.883000,1952.838000

1454.561000,183.849000
1461.495000,96.877000

1454.561000,183.849000
1485.247000,274.687000

1534.878000,2492.125000
1587.630500,2448.077500

419.354000,113.258000
386.567000,117.975000

822.267000,781.297000
831.857000,826.421000

2168.739000,2120.696000
2155.083000,2050.541000

230.211000,2894.772000
252.258000,2868.309000

928.966000,2224.644000
963.682000,2282.590500

1450.672000,1154.744000
1419.841000,1205.976000

2011.395000,325.126000
2011.395000,325.126000

2650.592000,590.945000
2770.774000,588.504000

2363.922000,1230.980000
2343.867000,1287.168000

225.705000,1725.656000
135.948000,1665.636000

1621.602000,1777.584000
1524.523000,1767.111000

1376.381000,392.267000
1412.740000,473.844000

1495.552000,2742.276000
1460.659000,2803.416000

1495.552000,2742.276000
1542.884000,2720.546000

717.836000,279.436000
658.662000,293.797000

747.260000,1235.530000
748.887000,1131.280000

2167.001000,2073.552000
2155.083000,2050.541000

420.705000,2901.401000
414.602000,3023.692000

784.618000,2189.008000
729.796000,2185.203000

1196.986000,1048.325000
1196.986000,1048.325000

2298.753000,436.187000
2357.961000,356.301000

2770.774000,588.504000
2770.774000,588.504000

2313.103000,1367.720000
2343.867000,1287.168000

2313.103000,1367.720000
2213.389000,1372.056000

369.163000,1627.045000
392.282000,1577.422000

1610.079000,1969.211000
1713.601000,1920.675000

1619.935000,404.864000
1567.468000,494.479000

1777.626000,2504.909000
1741.488000,2510.320000

226.655000,130.690000
197.671000,171.941000

818.364000,749.412000
831.857000,826.421000

2434.314000,2133.036000
2497.020000,2090.482500

468.939000,2755.348000
461.528500,2751.783500

926.349000,2244.684000
963.682000,2282.590500

1443.550000,964.570000
1446.744000,905.913000

1934.920000,565.132000
2003.300000,538.760000

2879.439000,740.998000
2802.506000,768.904000

2078.307000,1569.123000
2078.307000,1569.123000

380.268000,1601.490000
392.282000,1577.422000

1866.011000,1890.543000
1835.927000,1803.782000

1622.657000,164.433000
1677.140000,178.909000

1806.748000,2518.454000
1741.488000,2510.320000

405.819000,316.785000
414.206000,388.721000

550.302000,781.590000
644.749000,849.852000

2316.174000,2241.022000
2314.415000,2233.919500

2316.174000,2241.022000
2262.277500,2311.840500

505.795000,2779.496000
461.528500,2751.783500

1031.487000,2219.430000
963.682000,2282.590500

1031.487000,2219.430000
1092.730000,2112.169000

1612.537000,1187.117000
1638.197000,1160.884000

2007.497000,649.032000
2076.133000,663.715000

2007.497000,649.032000
2003.300000,538.760000

2757.105000,661.533000
2802.506000,768.904000

2757.105000,661.533000
2770.774000,588.504000

2102.150000,1505.560000
2078.307000,1569.123000

453.223000,1491.129000
392.282000,1577.422000

1783.727000,1751.342000
1835.927000,1803.782000

1650.168000,188.302000
1677.140000,178.909000

1650.168000,188.302000
1694.554000,286.889000

1575.816000,2636.712000
1542.884000,2720.546000

200.204000,121.776000
197.671000,171.941000

581.778000,1204.765000
558.990000,1159.519000

2402.471000,2286.904000
2314.415000,2233.919500

399.146000,2664.732000
461.528500,2751.783500

731.991000,2077.489000
729.796000,2185.203000

1443.387000,1157.783000
1419.841000,1205.976000

1978.948000,674.671000
2076.133000,663.715000

2954.533000,806.175000
2982.913500,927.486500

2132.074000,1510.287000
2078.307000,1569.123000

226.476000,1527.652000
243.475000,1480.578000

1763.299000,1727.929000
1835.927000,1803.782000

1656.971000,135.649000
1677.140000,178.909000

1633.832000,2648.567000
1542.884000,2720.546000

470.483000,184.654000
386.567000,117.975000

885.401000,918.595000
831.857000,826.421000

885.401000,918.595000
904.397000,985.587500

2162.748000,2308.874000
2262.277500,2311.840500

385.456000,2916.113000
414.602000,3023.692000

772.301000,2155.148000
729.796000,2185.203000

1393.530000,830.027000
1446.744000,905.913000

2115.658000,298.648000
2195.377000,260.283000

2115.658000,298.648000
2011.395000,325.126000

3004.180000,965.899000
2982.913500,927.486500

2160.968000,1374.989000
2140.026000,1268.346000

2160.968000,1374.989000
2213.389000,1372.056000

278.512000,1274.565000
257.449000,1255.935000

1748.712000,2048.552000
1839.886500,2066.868000

1344.589000,395.307000
1412.740000,473.844000

1451.404000,2327.664000
1420.414000,2406.628000

668.456000,98.408000
637.219000,104.967000

712.350000,716.996000
727.301000,648.501000

2298.850000,1974.387000
2325.357000,2003.233000

499.764000,2795.655000
461.528500,2751.783500

499.764000,2795.655000
585.486000,2882.664000

1018.933000,2159.748000
1092.730000,2112.169000

1018.933000,2159.748000
956.755000,2083.711000

1654.924000,1099.514000
1641.826000,1022.436000

1654.924000,1099.514000
1638.197000,1160.884000

2419.976000,579.699000
2363.213500,606.146000

3095.972000,718.555000
2995.106000,672.871000

2300.295000,1557.729000
2286.790000,1634.378000

499.175000,1518.308000
601.858000,1519.802000

499.175000,1518.308000
392.282000,1577.422000

1767.296000,1670.464000
1708.971000,1603.307000

1743.559000,127.206000
1677.140000,178.909000

1426.739000,2685.092000
1363.576000,2633.573000

1426.739000,2685.092000
1460.659000,2803.416000

1426.739000,2685.092000
1542.884000,2720.546000

674.472000,97.268000
637.219000,104.967000

699.588000,768.578000
727.301000,648.501000

699.588000,768.578000
644.749000,849.852000

2245.913000,2083.559000
2325.357000,2003.233000

2245.913000,2083.559000
2155.083000,2050.541000

467.659000,2864.524000
461.528500,2751.783500

467.659000,2864.524000
585.486000,2882.664000

1064.442000,2188.801000
1092.730000,2112.169000

1517.910000,1257.473000
1419.841000,1205.976000

2417.308000,506.352000
2363.213500,606.146000

2629.147000,714.439000
2645.079000,750.477000

2138.850000,1223.032000
2140.026000,1268.346000

97.904000,1239.062000
30.834000,1206.798000

1507.969000,2037.613000
1606.784000,2104.094000

1507.969000,2037.613000
1450.883000,1952.838000

1234.122000,166.187000
1314.350000,141.796000

1807.584000,2607.328000
1741.488000,2510.320000

706.776000,116.530000
637.219000,104.967000

584.744000,1194.539000
558.990000,1159.519000

2447.705000,2122.620000
2497.020000,2090.482500

592.862000,2685.443000
592.022000,2627.047000

1102.978000,2147.804000
1092.730000,2112.169000

1589.204000,1153.645000
1638.197000,1160.884000

1998.398000,368.381000
2011.395000,325.126000

2710.017000,518.682000
2770.774000,588.504000

2286.790000,1634.378000
2286.790000,1634.378000

52.645000,1453.236000
136.011000,1395.718000

1761.422000,2129.158000
1839.886500,2066.868000

1536.253000,399.573000
1567.468000,494.479000

1601.741000,2708.048000
1542.884000,2720.546000

321.752000,298.464000
269.470000,331.389000

714.213000,1199.895000
748.887000,1131.280000

2244.583000,2286.945000
2314.415000,2233.919500

2244.583000,2286.945000
2262.277500,2311.840500

568.923000,2992.042000
626.463000,2994.965000

568.923000,2992.042000
585.486000,2882.664000

813.603000,1813.122000
774.029000,1753.865000

1310.746000,1003.133000
1196.986000,1048.325000

2062.938000,345.017000
2011.395000,325.126000

3021.877000,810.477000
2982.913500,927.486500

2058.628000,1343.214000
2140.026000,1268.346000

2058.628000,1343.214000
1979.983000,1374.795000

169.829000,1782.641000
135.948000,1665.636000

1379.840000,1856.241000
1414.091000,1743.110000

1379.840000,1856.241000
1450.883000,1952.838000

1483.902000,12.902000
1461.495000,96.877000

1587.697000,2441.504000
1587.630500,2448.077500

247.335000,216.931000
197.671000,171.941000

247.335000,216.931000
269.470000,331.389000

895.679000,1207.821000
869.890000,1101.449000

2389.603000,2337.912000
2461.137000,2400.196000

538.147000,2805.948000
461.528500,2751.783500

538.147000,2805.948000
585.486000,2882.664000

990.071000,1823.597000
990.071000,1823.597000

1402.934000,975.129000
1446.744000,905.913000

2263.382000,493.951000
2174.089000,492.046000

2867.963000,1009.980000
2803.055000,1065.239000

2867.963000,1009.980000
2760.810000,976.077000

2227.522000,1279.774000
2140.026000,1268.346000

2227.522000,1279.774000
2343.867000,1287.168000

2227.522000,1279.774000
2213.389000,1372.056000

310.060000,1735.795000
406.567000,1802.619000

1524.523000,1767.111000
1414.091000,1743.110000

1524.523000,1767.111000
1524.523000,1767.111000

1538.924000,210.607000
1485.247000,274.687000

1496.605000,2402.249000
1420.414000,2406.628000

1496.605000,2402.249000
1587.630500,2448.077500

465.787000,291.065000
414.206000,388.721000

990.698000,981.093000
904.397000,985.587500

2461.137000,2400.196000
2380.454000,2494.257000

2461.137000,2400.196000
2461.137000,2400.196000

425.475000,2786.838000
461.528500,2751.783500

729.796000,2185.203000
729.796000,2185.203000

1607.839000,1114.609000
1641.826000,1022.436000

1607.839000,1114.609000
1638.197000,1160.884000

1903.001000,494.185000
2003.300000,538.760000

2980.294000,930.946000
2982.913500,927.486500

2202.542000,1694.779000
2286.790000,1634.378000

58.373000,1399.398000
136.011000,1395.718000

1557.788000,2122.896000
1606.784000,2104.094000

1745.559000,232.121000
1677.140000,178.909000

1745.559000,232.121000
1694.554000,286.889000

1478.633000,2482.960000
1420.414000,2406.628000

1478.633000,2482.960000
1587.630500,2448.077500

395.512000,425.081000
414.206000,388.721000

646.794000,954.948000
526.631000,930.704000

646.794000,954.948000
644.749000,849.852000

2473.341000,2167.083000
2497.020000,2090.482500

659.058000,2831.950000
585.486000,2882.664000

1115.286000,2054.563000
1157.004500,2020.953500

1115.286000,2054.563000
1092.730000,2112.169000

1503.839000,1192.383000
1419.841000,1205.976000

2298.627000,498.707000
2174.089000,492.046000

2730.035000,510.324000
2770.774000,588.504000

2213.248000,1237.686000
2140.026000,1268.346000

76.305000,1390.657000
136.011000,1395.718000

1816.099000,1758.665000
1835.927000,1803.782000

1465.478000,233.912000
1485.247000,274.687000

1596.800000,2480.357000
1587.630500,2448.077500

599.779000,304.036000
658.662000,293.797000

648.478000,1241.920000
558.990000,1159.519000

2337.676000,2509.947000
2380.454000,2494.257000

445.508000,3012.932000
414.602000,3023.692000

941.856000,2044.652000
956.755000,2083.711000

1466.562000,1187.852000
1419.841000,1205.976000

2142.487000,680.308000
2076.133000,663.715000

2914.428000,734.039000
2802.506000,768.904000

2914.428000,734.039000
2995.106000,672.871000

2217.319000,1339.009000
2140.026000,1268.346000

2217.319000,1339.009000
2213.389000,1372.056000

437.536000,1661.315000
392.282000,1577.422000

1597.570000,1743.604000
1524.523000,1767.111000

1306.580000,416.921000
1412.740000,473.844000

1521.285000,2801.664000
1460.659000,2803.416000

1521.285000,2801.664000
1542.884000,2720.546000

447.276000,97.167000
386.567000,117.975000

644.749000,849.852000
644.749000,849.852000

2208.001000,2264.340000
2314.415000,2233.919500

2208.001000,2264.340000
2262.277500,2311.840500

597.549000,2598.546000
552.618500,2554.617000

597.549000,2598.546000
592.022000,2627.047000

963.974000,2057.861000
956.755000,2083.711000

1389.141000,1117.661000
1419.841000,1205.976000

2130.795000,639.320000
2076.133000,663.715000

2716.979000,871.746000
2760.810000,976.077000

2324.311000,1328.619000
2343.867000,1287.168000

2324.311000,1328.619000
2213.389000,1372.056000

80.266000,1322.894000
136.011000,1395.718000

1450.883000,1952.838000
1450.883000,1952.838000

1602.531000,522.912000
1567.468000,494.479000

1482.590000,2634.030000
1363.576000,2633.573000

1482.590000,2634.030000
1542.884000,2720.546000

596.732000,289.310000
658.662000,293.797000

660.635000,934.162000
644.749000,849.852000

2160.220000,2340.147000
2262.277500,2311.840500

587.968000,2585.574000
552.618500,2554.617000

587.968000,2585.574000
592.022000,2627.047000

1010.396000,2051.922000
1092.730000,2112.169000

1010.396000,2051.922000
956.755000,2083.711000

1366.087000,908.536000
1446.744000,905.913000

2357.961000,356.301000
2357.961000,356.301000

